material_id,full_formula,icsd_ids,band_gap,spacegroup,pretty_formula
mp-680577,K4Ga8Cl28,[12],4.5052,"{'symprec': 0.1, 'source': 'spglib', 'symbol': 'Pna2_1', 'number': 33, 'point_group': 'mm2', 'crystal_system': 'orthorhombic', 'hall': 'P 2c -2n'}",KGa2Cl7
mp-27529,P2I6,[311],2.3551,"{'symprec': 0.1, 'source': 'spglib', 'symbol': 'P6_3', 'number': 173, 'point_group': '6', 'crystal_system': 'hexagonal', 'hall': 'P 6c'}",PI3
mp-23515,K24Co12Cl48,"[419658, 419685, 660, 71303]",0.7890999999999999,"{'symprec': 0.1, 'source': 'spglib', 'symbol': 'Pna2_1', 'number': 33, 'point_group': 'mm2', 'crystal_system': 'orthorhombic', 'hall': 'P 2c -2n'}",K2CoCl4
mp-683945,K8Er24F80,[1658],7.0219,"{'symprec': 0.1, 'source': 'spglib', 'symbol': 'Cm', 'number': 8, 'point_group': 'm', 'crystal_system': 'monoclinic', 'hall': 'C -2y'}",KEr3F10
mp-27755,K4Al4Cl16,[1704],5.2915,"{'symprec': 0.1, 'source': 'spglib', 'symbol': 'P2_1', 'number': 4, 'point_group': '2', 'crystal_system': 'monoclinic', 'hall': 'P 2yb'}",KAlCl4
mp-580941,Ag4I4,[1899],1.3759,"{'symprec': 0.1, 'source': 'spglib', 'symbol': 'P6_3mc', 'number': 186, 'point_group': '6mm', 'crystal_system': 'hexagonal', 'hall': 'P 6c -2c'}",AgI
mp-721303,Li4Be4H20N8F16,"[14277, 1903]",5.6926000000000005,"{'symprec': 0.1, 'source': 'spglib', 'symbol': 'Pna2_1', 'number': 33, 'point_group': 'mm2', 'crystal_system': 'orthorhombic', 'hall': 'P 2c -2n'}",LiBeH5(NF2)2
mp-632296,H2F2,"[1940, 1941]",6.7187,"{'symprec': 0.1, 'source': 'spglib', 'symbol': 'Cmc2_1', 'number': 36, 'point_group': 'mm2', 'crystal_system': 'orthorhombic', 'hall': 'C 2c -2'}",HF
mp-27573,Na2Sb6F20,[1968],4.9964,"{'symprec': 0.1, 'source': 'spglib', 'symbol': 'P6_3', 'number': 173, 'point_group': '6', 'crystal_system': 'hexagonal', 'hall': 'P 6c'}",NaSb3F10
mp-571636,In2Cl2,[2432],1.7157,"{'symprec': 0.1, 'source': 'spglib', 'symbol': 'Cmc2_1', 'number': 36, 'point_group': 'mm2', 'crystal_system': 'orthorhombic', 'hall': 'C 2c -2'}",InCl
mp-27181,K4Au4Cl16,[2607],1.4257,"{'symprec': 0.1, 'source': 'spglib', 'symbol': 'Pc', 'number': 7, 'point_group': 'm', 'crystal_system': 'monoclinic', 'hall': 'P -2yc'}",KAuCl4
mp-6253,K2Li2Be2F8,[2939],6.8545,"{'symprec': 0.1, 'source': 'spglib', 'symbol': 'P6_3', 'number': 173, 'point_group': '6', 'crystal_system': 'hexagonal', 'hall': 'P 6c'}",KLiBeF4
mp-27209,K6Tl6F24,[4046],2.3213,"{'symprec': 0.1, 'source': 'spglib', 'symbol': 'P3_1', 'number': 144, 'point_group': '3', 'crystal_system': 'trigonal', 'hall': 'P 31'}",KTlF4
mp-1191979,Rb4Tl4F16,[4047],2.7449,"{'symprec': 0.1, 'source': 'spglib', 'symbol': 'Pca2_1', 'number': 29, 'point_group': 'mm2', 'crystal_system': 'orthorhombic', 'hall': 'P 2c -2ac'}",RbTlF4
mp-540574,Cs2Hg3I8,[4074],1.9987,"{'symprec': 0.1, 'source': 'spglib', 'symbol': 'Cm', 'number': 8, 'point_group': 'm', 'crystal_system': 'monoclinic', 'hall': 'C -2y'}",Cs2Hg3I8
mp-571225,Cd7I14,"[9024, 42259]",2.4733,"{'symprec': 0.1, 'source': 'spglib', 'symbol': 'P3m1', 'number': 156, 'point_group': '3m', 'crystal_system': 'trigonal', 'hall': 'P 3 -2""'}",CdI2
mp-571091,Cd7I14,"[42212, 9191]",2.4211,"{'symprec': 0.1, 'source': 'spglib', 'symbol': 'P3m1', 'number': 156, 'point_group': '3m', 'crystal_system': 'trigonal', 'hall': 'P 3 -2""'}",CdI2
mp-571514,Cd8I16,"[42215, 9192]",2.4225,"{'symprec': 0.1, 'source': 'spglib', 'symbol': 'P3m1', 'number': 156, 'point_group': '3m', 'crystal_system': 'trigonal', 'hall': 'P 3 -2""'}",CdI2
mp-571539,Cd8I16,"[9193, 42200]",2.4222,"{'symprec': 0.1, 'source': 'spglib', 'symbol': 'P3m1', 'number': 156, 'point_group': '3m', 'crystal_system': 'trigonal', 'hall': 'P 3 -2""'}",CdI2
mp-571567,Cd8I16,"[9194, 42260]",2.4658,"{'symprec': 0.1, 'source': 'spglib', 'symbol': 'P3m1', 'number': 156, 'point_group': '3m', 'crystal_system': 'trigonal', 'hall': 'P 3 -2""'}",CdI2
mp-571595,Cd10I20,"[42223, 9195]",2.3941,"{'symprec': 0.1, 'source': 'spglib', 'symbol': 'P3m1', 'number': 156, 'point_group': '3m', 'crystal_system': 'trigonal', 'hall': 'P 3 -2""'}",CdI2
mp-567594,Cs4Hg2I8,"[195509, 9361]",2.066,"{'symprec': 0.1, 'source': 'spglib', 'symbol': 'P2_1', 'number': 4, 'point_group': '2', 'crystal_system': 'monoclinic', 'hall': 'P 2yb'}",Cs2HgI4
mp-706611,Li4Be4H16N4F16,[9433],6.5775,"{'symprec': 0.1, 'source': 'spglib', 'symbol': 'Pca2_1', 'number': 29, 'point_group': 'mm2', 'crystal_system': 'orthorhombic', 'hall': 'P 2c -2ac'}",LiBeH4NF4
mp-560008,P2N2F4,[9684],5.6193,"{'symprec': 0.1, 'source': 'spglib', 'symbol': 'Cmc2_1', 'number': 36, 'point_group': 'mm2', 'crystal_system': 'orthorhombic', 'hall': 'C 2c -2'}",PNF2
mp-558134,Tl2F2,[9873],3.0179000000000005,"{'symprec': 0.1, 'source': 'spglib', 'symbol': 'Aem2', 'number': 39, 'point_group': 'mm2', 'crystal_system': 'orthorhombic', 'hall': 'A 2 -2c'}",TlF
mp-555463,Rb2Th6F26,"[9915, 262187]",6.4571999999999985,"{'symprec': 0.1, 'source': 'spglib', 'symbol': 'Pmc2_1', 'number': 26, 'point_group': 'mm2', 'crystal_system': 'orthorhombic', 'hall': 'P 2c -2'}",RbTh3F13
mp-27344,Be8B16H64,"[10315, 161366]",6.1876,"{'symprec': 0.1, 'source': 'spglib', 'symbol': 'I4_1cd', 'number': 110, 'point_group': '4mm', 'crystal_system': 'tetragonal', 'hall': 'I 4bw -2c'}",Be(BH4)2
mp-27390,K10Th2F18,[14127],5.9743,"{'symprec': 0.1, 'source': 'spglib', 'symbol': 'Cmc2_1', 'number': 36, 'point_group': 'mm2', 'crystal_system': 'orthorhombic', 'hall': 'C 2c -2'}",K5ThF9
mp-23045,B3N3Cl6,"[28168, 27255, 14276]",2.8691,"{'symprec': 0.1, 'source': 'spglib', 'symbol': 'R3', 'number': 146, 'point_group': '3', 'crystal_system': 'trigonal', 'hall': 'R 3'}",BNCl2
mp-23794,H8N2F2,"[65693, 14294, 65694, 23765, 23766]",5.959200000000001,"{'symprec': 0.1, 'source': 'spglib', 'symbol': 'P6_3mc', 'number': 186, 'point_group': '6mm', 'crystal_system': 'hexagonal', 'hall': 'P 6c -2c'}",H4NF
mp-27411,Tl4P20,[15021],1.4193999999999996,"{'symprec': 0.1, 'source': 'spglib', 'symbol': 'Pmc2_1', 'number': 26, 'point_group': 'mm2', 'crystal_system': 'orthorhombic', 'hall': 'P 2c -2'}",TlP5
mp-570263,Cd9I18,[15381],2.4514,"{'symprec': 0.1, 'source': 'spglib', 'symbol': 'P3m1', 'number': 156, 'point_group': '3m', 'crystal_system': 'trigonal', 'hall': 'P 3 -2""'}",CdI2
mp-22894,Ag2I2,"[200104, 79677, 63655, 62789, 31054, 65063, 62790, 62792, 200102, 15589, 200103, 62791, 161580, 56553, 79678, 27845]",1.3955,"{'symprec': 0.1, 'source': 'spglib', 'symbol': 'P6_3mc', 'number': 186, 'point_group': '6mm', 'crystal_system': 'hexagonal', 'hall': 'P 6c -2c'}",AgI
mp-554472,P6N6Cl6F6,[16098],5.0811,"{'symprec': 0.1, 'source': 'spglib', 'symbol': 'Cmc2_1', 'number': 36, 'point_group': 'mm2', 'crystal_system': 'orthorhombic', 'hall': 'C 2c -2'}",PNClF
mp-559366,P6Br6N6F6,[16099],4.2508,"{'symprec': 0.1, 'source': 'spglib', 'symbol': 'Cmc2_1', 'number': 36, 'point_group': 'mm2', 'crystal_system': 'orthorhombic', 'hall': 'C 2c -2'}",PBrNF
mp-1880,Sb2F6,"[16142, 30411]",4.5411,"{'symprec': 0.1, 'source': 'spglib', 'symbol': 'Ama2', 'number': 40, 'point_group': 'mm2', 'crystal_system': 'orthorhombic', 'hall': 'A 2 -2a'}",SbF3
mp-27988,I2F14,"[18191, 31691]",1.5547000000000002,"{'symprec': 0.1, 'source': 'spglib', 'symbol': 'Aea2', 'number': 41, 'point_group': 'mm2', 'crystal_system': 'orthorhombic', 'hall': 'A 2 -2ac'}",IF7
mp-1190406,K4Hg4I12,[20021],1.7724,"{'symprec': 0.1, 'source': 'spglib', 'symbol': 'Pna2_1', 'number': 33, 'point_group': 'mm2', 'crystal_system': 'orthorhombic', 'hall': 'P 2c -2n'}",KHgI3
mp-685145,B1N1,[20946],3.9556,"{'symprec': 0.1, 'source': 'spglib', 'symbol': 'Fmm2', 'number': 42, 'point_group': 'mm2', 'crystal_system': 'orthorhombic', 'hall': 'F 2 -2'}",BN
mp-569461,Hg4N24,"[426342, 21029, 426341]",2.7502,"{'symprec': 0.1, 'source': 'spglib', 'symbol': 'Pca2_1', 'number': 29, 'point_group': 'mm2', 'crystal_system': 'orthorhombic', 'hall': 'P 2c -2ac'}",HgN6
mp-27650,Rb8B80H72,[22222],4.4008,"{'symprec': 0.1, 'source': 'spglib', 'symbol': 'Pna2_1', 'number': 33, 'point_group': 'mm2', 'crystal_system': 'orthorhombic', 'hall': 'P 2c -2n'}",RbB10H9
mp-23173,Hg2I4,"[412988, 22242]",2.5784,"{'symprec': 0.1, 'source': 'spglib', 'symbol': 'Cmc2_1', 'number': 36, 'point_group': 'mm2', 'crystal_system': 'orthorhombic', 'hall': 'C 2c -2'}",HgI2
mp-567702,Cs6Re6Cl24,"[63586, 23139]",1.1342,"{'symprec': 0.1, 'source': 'spglib', 'symbol': 'Ama2', 'number': 40, 'point_group': 'mm2', 'crystal_system': 'orthorhombic', 'hall': 'A 2 -2a'}",CsReCl4
mp-27925,K8Er16F56,[23384],6.9711,"{'symprec': 0.1, 'source': 'spglib', 'symbol': 'Pna2_1', 'number': 33, 'point_group': 'mm2', 'crystal_system': 'orthorhombic', 'hall': 'P 2c -2n'}",KEr2F7
mp-2412,Li4P20,"[23620, 88710]",1.2083000000000004,"{'symprec': 0.1, 'source': 'spglib', 'symbol': 'Pna2_1', 'number': 33, 'point_group': 'mm2', 'crystal_system': 'orthorhombic', 'hall': 'P 2c -2n'}",LiP5
mp-570044,Nb4I16,[23916],0.4884,"{'symprec': 0.1, 'source': 'spglib', 'symbol': 'Cmc2_1', 'number': 36, 'point_group': 'mm2', 'crystal_system': 'orthorhombic', 'hall': 'C 2c -2'}",NbI4
mp-696597,B5H9,[24636],5.7318,"{'symprec': 0.1, 'source': 'spglib', 'symbol': 'I4mm', 'number': 107, 'point_group': '4mm', 'crystal_system': 'tetragonal', 'hall': 'I 4 -2'}",B5H9
mp-569346,Cu2I2,[24772],1.2119999999999995,"{'symprec': 0.1, 'source': 'spglib', 'symbol': 'P6_3mc', 'number': 186, 'point_group': '6mm', 'crystal_system': 'hexagonal', 'hall': 'P 6c -2c'}",CuI
mp-570738,Ga12I24,[24821],2.3838,"{'symprec': 0.1, 'source': 'spglib', 'symbol': 'R3c', 'number': 161, 'point_group': '3m', 'crystal_system': 'trigonal', 'hall': 'R 3 -2""c'}",GaI2
mp-18299,U6F18,[24966],0.2169000000000008,"{'symprec': 0.1, 'source': 'spglib', 'symbol': 'P6_3cm', 'number': 185, 'point_group': '6mm', 'crystal_system': 'hexagonal', 'hall': 'P 6c -2'}",UF3
mp-569209,Sb2As2P2Cl26,[25109],2.1274,"{'symprec': 0.1, 'source': 'spglib', 'symbol': 'Cmc2_1', 'number': 36, 'point_group': 'mm2', 'crystal_system': 'orthorhombic', 'hall': 'C 2c -2'}",SbAsPCl13
mp-570225,Nb2As2P2Cl26,[25110],2.4431000000000003,"{'symprec': 0.1, 'source': 'spglib', 'symbol': 'Cmc2_1', 'number': 36, 'point_group': 'mm2', 'crystal_system': 'orthorhombic', 'hall': 'C 2c -2'}",NbAsPCl13
mp-672248,Ta2As2P2Cl26,[25111],2.6094,"{'symprec': 0.1, 'source': 'spglib', 'symbol': 'Cmc2_1', 'number': 36, 'point_group': 'mm2', 'crystal_system': 'orthorhombic', 'hall': 'C 2c -2'}",TaAsPCl13
mp-804,Ga2N2,"[153890, 54698, 153891, 191773, 153889, 67769, 157512, 25676, 190424, 87830, 634715, 181358, 41481, 157398, 42000, 153887, 41543, 184926, 153888, 34476, 41483, 156259]",1.7375999999999996,"{'symprec': 0.1, 'source': 'spglib', 'symbol': 'P6_3mc', 'number': 186, 'point_group': '6mm', 'crystal_system': 'hexagonal', 'hall': 'P 6c -2c'}",GaN
mp-22205,In2N2,"[184927, 162684, 157515, 67768, 181366, 41999, 640026, 191774, 41544, 190428, 25677, 109463]",0.4777000000000005,"{'symprec': 0.1, 'source': 'spglib', 'symbol': 'P6_3mc', 'number': 186, 'point_group': '6mm', 'crystal_system': 'hexagonal', 'hall': 'P 6c -2c'}",InN
mp-27934,Cd2Br4,[25782],2.9397,"{'symprec': 0.1, 'source': 'spglib', 'symbol': 'P6_3mc', 'number': 186, 'point_group': '6mm', 'crystal_system': 'hexagonal', 'hall': 'P 6c -2c'}",CdBr2
mp-27786,Sb2As4Cl26,[26088],1.1842,"{'symprec': 0.1, 'source': 'spglib', 'symbol': 'Cmc2_1', 'number': 36, 'point_group': 'mm2', 'crystal_system': 'orthorhombic', 'hall': 'C 2c -2'}",SbAs2Cl13
mp-402,Cd4P8,"[26199, 620214, 42732]",1.5290000000000001,"{'symprec': 0.1, 'source': 'spglib', 'symbol': 'Pna2_1', 'number': 33, 'point_group': 'mm2', 'crystal_system': 'orthorhombic', 'hall': 'P 2c -2n'}",CdP2
mp-558769,Na6Li8Th12F62,"[26207, 26208]",6.3094,"{'symprec': 0.1, 'source': 'spglib', 'symbol': 'P3c1', 'number': 158, 'point_group': '3m', 'crystal_system': 'trigonal', 'hall': 'P 3 -2""c'}",Na3Li4Th6F31
mp-672346,Rb6V6I18,"[26455, 26456]",0.6301000000000001,"{'symprec': 0.1, 'source': 'spglib', 'symbol': 'P6_3cm', 'number': 185, 'point_group': '6mm', 'crystal_system': 'hexagonal', 'hall': 'P 6c -2'}",RbVI3
mp-569512,Sb4I4Cl32,[26509],1.5838,"{'symprec': 0.1, 'source': 'spglib', 'symbol': 'P4_1', 'number': 76, 'point_group': '4', 'crystal_system': 'tetragonal', 'hall': 'P 4w'}",SbICl8
mp-27935,Al2I2Cl12,[26510],2.2907,"{'symprec': 0.1, 'source': 'spglib', 'symbol': 'P2_1', 'number': 4, 'point_group': '2', 'crystal_system': 'monoclinic', 'hall': 'P 2yb'}",AlICl6
mp-1105105,I10N4,[26520],0.1619,"{'symprec': 0.1, 'source': 'spglib', 'symbol': 'P6_3mc', 'number': 186, 'point_group': '6mm', 'crystal_system': 'hexagonal', 'hall': 'P 6c -2c'}",I5N2
mp-27821,Ag3P11,[26563],1.0961,"{'symprec': 0.1, 'source': 'spglib', 'symbol': 'Cm', 'number': 8, 'point_group': 'm', 'crystal_system': 'monoclinic', 'hall': 'C -2y'}",Ag3P11
mp-632326,H2Cl2,[27037],5.9709,"{'symprec': 0.1, 'source': 'spglib', 'symbol': 'Cmc2_1', 'number': 36, 'point_group': 'mm2', 'crystal_system': 'orthorhombic', 'hall': 'C 2c -2'}",HCl
mp-632229,H2Br2,"[27055, 74307, 74306]",4.9445999999999986,"{'symprec': 0.1, 'source': 'spglib', 'symbol': 'Cmc2_1', 'number': 36, 'point_group': 'mm2', 'crystal_system': 'orthorhombic', 'hall': 'C 2c -2'}",HBr
mp-334,La6F18,"[35673, 27089, 246323]",6.0222,"{'symprec': 0.1, 'source': 'spglib', 'symbol': 'P6_3cm', 'number': 185, 'point_group': '6mm', 'crystal_system': 'hexagonal', 'hall': 'P 6c -2'}",LaF3
mp-1202587,K4Ho8F28,[27196],6.9263,"{'symprec': 0.1, 'source': 'spglib', 'symbol': 'Cm', 'number': 8, 'point_group': 'm', 'crystal_system': 'monoclinic', 'hall': 'C -2y'}",KHo2F7
mp-669326,Cd9I18,"[27269, 42175, 42219]",2.3857,"{'symprec': 0.1, 'source': 'spglib', 'symbol': 'P3m1', 'number': 156, 'point_group': '3m', 'crystal_system': 'trigonal', 'hall': 'P 3 -2""'}",CdI2
mp-669334,Cd15I30,"[27270, 42244, 42176]",2.3757,"{'symprec': 0.1, 'source': 'spglib', 'symbol': 'P3m1', 'number': 156, 'point_group': '3m', 'crystal_system': 'trigonal', 'hall': 'P 3 -2""'}",CdI2
mp-570613,Cd6I12,"[27291, 42199]",1.9793,"{'symprec': 0.1, 'source': 'spglib', 'symbol': 'P3m1', 'number': 156, 'point_group': '3m', 'crystal_system': 'trigonal', 'hall': 'P 3 -2""'}",CdI2
mp-571667,Cd13I26,[28383],2.4521,"{'symprec': 0.1, 'source': 'spglib', 'symbol': 'P3m1', 'number': 156, 'point_group': '3m', 'crystal_system': 'trigonal', 'hall': 'P 3 -2""'}",CdI2
mp-570448,Cd13I26,"[42238, 28384]",2.4105,"{'symprec': 0.1, 'source': 'spglib', 'symbol': 'P3m1', 'number': 156, 'point_group': '3m', 'crystal_system': 'trigonal', 'hall': 'P 3 -2""'}",CdI2
mp-696736,Rb1Be2F5,[28541],7.3020999999999985,"{'symprec': 0.1, 'source': 'spglib', 'symbol': 'P1', 'number': 1, 'point_group': '1', 'crystal_system': 'triclinic', 'hall': 'P 1'}",RbBe2F5
mp-707160,H4N4F8,[28893],1.5844,"{'symprec': 0.1, 'source': 'spglib', 'symbol': 'P1', 'number': 1, 'point_group': '1', 'crystal_system': 'triclinic', 'hall': 'P 1'}",HNF2
mp-1064952,Na1N3,"[29374, 29375, 29378, 29371, 29383, 29376, 29382, 29380, 29372, 29377, 29379, 29370, 29381, 29373]",4.0425,"{'symprec': 0.1, 'source': 'spglib', 'symbol': 'Cm', 'number': 8, 'point_group': 'm', 'crystal_system': 'monoclinic', 'hall': 'C -2y'}",NaN3
mp-23292,Hg2Br4,"[39319, 30290, 36158]",2.8404,"{'symprec': 0.1, 'source': 'spglib', 'symbol': 'Cmc2_1', 'number': 36, 'point_group': 'mm2', 'crystal_system': 'orthorhombic', 'hall': 'C 2c -2'}",HgBr2
mp-570136,Cu6I6,[30363],1.4615,"{'symprec': 0.1, 'source': 'spglib', 'symbol': 'P3m1', 'number': 156, 'point_group': '3m', 'crystal_system': 'trigonal', 'hall': 'P 3 -2""'}",CuI
mp-647489,Cd7I14,[30813],2.384,"{'symprec': 0.1, 'source': 'spglib', 'symbol': 'P3m1', 'number': 156, 'point_group': '3m', 'crystal_system': 'trigonal', 'hall': 'P 3 -2""'}",CdI2
mp-560275,P12N12F24,[31124],5.8161000000000005,"{'symprec': 0.1, 'source': 'spglib', 'symbol': 'Pna2_1', 'number': 33, 'point_group': 'mm2', 'crystal_system': 'orthorhombic', 'hall': 'P 2c -2n'}",PNF2
mp-661,Al2N2,"[608626, 608627, 602460, 190420, 44107, 54697, 161881, 82790, 602459, 191772, 183638, 185441, 42001, 34475, 44106, 608624, 41480, 163953, 31169, 181362, 34236, 41482, 67767, 41542]",4.0536,"{'symprec': 0.1, 'source': 'spglib', 'symbol': 'P6_3mc', 'number': 186, 'point_group': '6mm', 'crystal_system': 'hexagonal', 'hall': 'P 6c -2c'}",AlN
mp-23297,Br2F6,"[39441, 31689]",2.3409999999999997,"{'symprec': 0.1, 'source': 'spglib', 'symbol': 'Cmc2_1', 'number': 36, 'point_group': 'mm2', 'crystal_system': 'orthorhombic', 'hall': 'C 2c -2'}",BrF3
mp-27987,Br2F10,[31690],3.4572,"{'symprec': 0.1, 'source': 'spglib', 'symbol': 'Cmc2_1', 'number': 36, 'point_group': 'mm2', 'crystal_system': 'orthorhombic', 'hall': 'C 2c -2'}",BrF5
mp-1184928,I2F14,[31691],1.8034,"{'symprec': 0.1, 'source': 'spglib', 'symbol': 'Aea2', 'number': 41, 'point_group': 'mm2', 'crystal_system': 'orthorhombic', 'hall': 'A 2 -2ac'}",IF7
mp-1196526,Nb24I44,"[32737, 32735, 32734]",0.1690999999999998,"{'symprec': 0.1, 'source': 'spglib', 'symbol': 'Pna2_1', 'number': 33, 'point_group': 'mm2', 'crystal_system': 'orthorhombic', 'hall': 'P 2c -2n'}",Nb6I11
mp-568804,Hg36Bi8As16Br48,[33700],1.1979000000000002,"{'symprec': 0.1, 'source': 'spglib', 'symbol': 'P4_3', 'number': 78, 'point_group': '4', 'crystal_system': 'tetragonal', 'hall': 'P 4cw'}",Hg9Bi2(AsBr3)4
mp-556020,Li12Al4F24,[34672],7.915100000000002,"{'symprec': 0.1, 'source': 'spglib', 'symbol': 'Pna2_1', 'number': 33, 'point_group': 'mm2', 'crystal_system': 'orthorhombic', 'hall': 'P 2c -2n'}",Li3AlF6
mp-28027,As4F12,[35132],5.4005,"{'symprec': 0.1, 'source': 'spglib', 'symbol': 'Pna2_1', 'number': 33, 'point_group': 'mm2', 'crystal_system': 'orthorhombic', 'hall': 'P 2c -2n'}",AsF3
mp-571592,Cd8I16,[35258],2.4394,"{'symprec': 0.1, 'source': 'spglib', 'symbol': 'P3m1', 'number': 156, 'point_group': '3m', 'crystal_system': 'trigonal', 'hall': 'P 3 -2""'}",CdI2
mp-571654,Cd12I24,[35259],2.3876,"{'symprec': 0.1, 'source': 'spglib', 'symbol': 'P3m1', 'number': 156, 'point_group': '3m', 'crystal_system': 'trigonal', 'hall': 'P 3 -2""'}",CdI2
mp-680172,Cd22I44,[35260],2.3544,"{'symprec': 0.1, 'source': 'spglib', 'symbol': 'P3m1', 'number': 156, 'point_group': '3m', 'crystal_system': 'trigonal', 'hall': 'P 3 -2""'}",CdI2
mp-568423,Al4P4I32,[35403],1.4267999999999998,"{'symprec': 0.1, 'source': 'spglib', 'symbol': 'Pna2_1', 'number': 33, 'point_group': 'mm2', 'crystal_system': 'orthorhombic', 'hall': 'P 2c -2n'}",AlPI8
mp-569964,Cd8I16,[35446],2.4192,"{'symprec': 0.1, 'source': 'spglib', 'symbol': 'P3m1', 'number': 156, 'point_group': '3m', 'crystal_system': 'trigonal', 'hall': 'P 3 -2""'}",CdI2
mp-627557,Cd9I18,[35447],2.3697,"{'symprec': 0.1, 'source': 'spglib', 'symbol': 'P3m1', 'number': 156, 'point_group': '3m', 'crystal_system': 'trigonal', 'hall': 'P 3 -2""'}",CdI2
mp-669360,Cd12I24,[35448],2.3549,"{'symprec': 0.1, 'source': 'spglib', 'symbol': 'P3m1', 'number': 156, 'point_group': '3m', 'crystal_system': 'trigonal', 'hall': 'P 3 -2""'}",CdI2
mp-680152,Cd15I30,[35449],2.3828,"{'symprec': 0.1, 'source': 'spglib', 'symbol': 'P3m1', 'number': 156, 'point_group': '3m', 'crystal_system': 'trigonal', 'hall': 'P 3 -2""'}",CdI2
mp-569468,Cd16I32,[35450],2.4319,"{'symprec': 0.1, 'source': 'spglib', 'symbol': 'P3m1', 'number': 156, 'point_group': '3m', 'crystal_system': 'trigonal', 'hall': 'P 3 -2""'}",CdI2
mp-571569,Cd9I18,"[42221, 36484]",2.3792,"{'symprec': 0.1, 'source': 'spglib', 'symbol': 'P3m1', 'number': 156, 'point_group': '3m', 'crystal_system': 'trigonal', 'hall': 'P 3 -2""'}",CdI2
mp-680093,Cd11I22,"[36486, 42230]",2.351,"{'symprec': 0.1, 'source': 'spglib', 'symbol': 'P3m1', 'number': 156, 'point_group': '3m', 'crystal_system': 'trigonal', 'hall': 'P 3 -2""'}",CdI2
mp-680094,Cd11I22,"[36487, 42231]",2.3759,"{'symprec': 0.1, 'source': 'spglib', 'symbol': 'P3m1', 'number': 156, 'point_group': '3m', 'crystal_system': 'trigonal', 'hall': 'P 3 -2""'}",CdI2
mp-571603,Cd12I24,"[42236, 36488]",2.3923,"{'symprec': 0.1, 'source': 'spglib', 'symbol': 'P3m1', 'number': 156, 'point_group': '3m', 'crystal_system': 'trigonal', 'hall': 'P 3 -2""'}",CdI2
mp-680115,Cd14I28,"[36489, 42243]",2.3783,"{'symprec': 0.1, 'source': 'spglib', 'symbol': 'P3m1', 'number': 156, 'point_group': '3m', 'crystal_system': 'trigonal', 'hall': 'P 3 -2""'}",CdI2
mp-680120,Cd15I30,"[42248, 36490]",2.3851,"{'symprec': 0.1, 'source': 'spglib', 'symbol': 'P3m1', 'number': 156, 'point_group': '3m', 'crystal_system': 'trigonal', 'hall': 'P 3 -2""'}",CdI2
mp-28180,Sb32F120,[36534],3.6879,"{'symprec': 0.1, 'source': 'spglib', 'symbol': 'Pca2_1', 'number': 29, 'point_group': 'mm2', 'crystal_system': 'orthorhombic', 'hall': 'P 2c -2ac'}",Sb4F15
mp-28198,Rb6In6I24,[36601],2.5376000000000003,"{'symprec': 0.1, 'source': 'spglib', 'symbol': 'R3c', 'number': 161, 'point_group': '3m', 'crystal_system': 'trigonal', 'hall': 'R 3 -2""c'}",RbInI4
mp-696961,Be4H16N4F12,[37234],6.074,"{'symprec': 0.1, 'source': 'spglib', 'symbol': 'Pc', 'number': 7, 'point_group': 'm', 'crystal_system': 'monoclinic', 'hall': 'P -2yc'}",BeH4NF3
mp-571197,Cd7I14,"[37377, 42214]",2.4217,"{'symprec': 0.1, 'source': 'spglib', 'symbol': 'P3m1', 'number': 156, 'point_group': '3m', 'crystal_system': 'trigonal', 'hall': 'P 3 -2""'}",CdI2
mp-570054,Cd8I16,"[37378, 42201]",2.4158,"{'symprec': 0.1, 'source': 'spglib', 'symbol': 'P6_3mc', 'number': 186, 'point_group': '6mm', 'crystal_system': 'hexagonal', 'hall': 'P 6c -2c'}",CdI2
mp-571605,Cd10I20,"[42227, 37379]",2.3857,"{'symprec': 0.1, 'source': 'spglib', 'symbol': 'P3m1', 'number': 156, 'point_group': '3m', 'crystal_system': 'trigonal', 'hall': 'P 3 -2""'}",CdI2
mp-680092,Cd10I20,"[42228, 37380]",2.3471,"{'symprec': 0.1, 'source': 'spglib', 'symbol': 'P3m1', 'number': 156, 'point_group': '3m', 'crystal_system': 'trigonal', 'hall': 'P 3 -2""'}",CdI2
mp-571613,Cd12I24,"[37381, 42232]",2.3903,"{'symprec': 0.1, 'source': 'spglib', 'symbol': 'P3m1', 'number': 156, 'point_group': '3m', 'crystal_system': 'trigonal', 'hall': 'P 3 -2""'}",CdI2
mp-571668,Cd12I24,"[42233, 37382]",2.3944,"{'symprec': 0.1, 'source': 'spglib', 'symbol': 'P3m1', 'number': 156, 'point_group': '3m', 'crystal_system': 'trigonal', 'hall': 'P 3 -2""'}",CdI2
mp-571660,Cd12I24,"[37383, 42234]",2.4136,"{'symprec': 0.1, 'source': 'spglib', 'symbol': 'P3m1', 'number': 156, 'point_group': '3m', 'crystal_system': 'trigonal', 'hall': 'P 3 -2""'}",CdI2
mp-571635,Cd12I24,"[42235, 37384]",2.457,"{'symprec': 0.1, 'source': 'spglib', 'symbol': 'P3m1', 'number': 156, 'point_group': '3m', 'crystal_system': 'trigonal', 'hall': 'P 3 -2""'}",CdI2
mp-28248,Cd2I4,[38116],2.4364,"{'symprec': 0.1, 'source': 'spglib', 'symbol': 'P6_3mc', 'number': 186, 'point_group': '6mm', 'crystal_system': 'hexagonal', 'hall': 'P 6c -2c'}",CdI2
mp-28123,H14N2F8,[38337],7.4906000000000015,"{'symprec': 0.1, 'source': 'spglib', 'symbol': 'R3c', 'number': 161, 'point_group': '3m', 'crystal_system': 'trigonal', 'hall': 'R 3 -2""c'}",H7NF4
mp-696998,K12Bi2H6Cl16F8,[39524],4.1881,"{'symprec': 0.1, 'source': 'spglib', 'symbol': 'P6_3mc', 'number': 186, 'point_group': '6mm', 'crystal_system': 'hexagonal', 'hall': 'P 6c -2c'}",K6BiH3(Cl2F)4
mp-1205479,K44Sb22F110,[39632],4.7325,"{'symprec': 0.1, 'source': 'spglib', 'symbol': 'P2_1', 'number': 4, 'point_group': '2', 'crystal_system': 'monoclinic', 'hall': 'P 2yb'}",K2SbF5
mp-29611,B40H64,[40980],5.4263,"{'symprec': 0.1, 'source': 'spglib', 'symbol': 'Pna2_1', 'number': 33, 'point_group': 'mm2', 'crystal_system': 'orthorhombic', 'hall': 'P 2c -2n'}",B5H8
mp-697087,Sb2H4N6F12,[41354],0.11569999999999993,"{'symprec': 0.1, 'source': 'spglib', 'symbol': 'Pmc2_1', 'number': 26, 'point_group': 'mm2', 'crystal_system': 'orthorhombic', 'hall': 'P 2c -2'}",SbH2(NF2)3
mp-2653,B2N2,"[614869, 614873, 162873, 236994, 41486, 236993, 183257]",5.3629999999999995,"{'symprec': 0.1, 'source': 'spglib', 'symbol': 'P6_3mc', 'number': 186, 'point_group': '6mm', 'crystal_system': 'hexagonal', 'hall': 'P 6c -2c'}",BN
mp-2804,La8P16,"[653819, 42015]",0.6304999999999996,"{'symprec': 0.1, 'source': 'spglib', 'symbol': 'Cc', 'number': 9, 'point_group': 'm', 'crystal_system': 'monoclinic', 'hall': 'C -2yc'}",LaP2
mp-571559,Cd10I20,"[42171, 42222]",2.3719,"{'symprec': 0.1, 'source': 'spglib', 'symbol': 'P3m1', 'number': 156, 'point_group': '3m', 'crystal_system': 'trigonal', 'hall': 'P 3 -2""'}",CdI2
mp-571583,Cd10I20,[42172],2.377,"{'symprec': 0.1, 'source': 'spglib', 'symbol': 'P3m1', 'number': 156, 'point_group': '3m', 'crystal_system': 'trigonal', 'hall': 'P 3 -2""'}",CdI2
mp-574663,Cd4I8,[42173],2.4290000000000003,"{'symprec': 0.1, 'source': 'spglib', 'symbol': 'R3m', 'number': 160, 'point_group': '3m', 'crystal_system': 'trigonal', 'hall': 'R 3 -2""'}",CdI2
mp-1188728,Cd6I12,[42174],2.3742,"{'symprec': 0.1, 'source': 'spglib', 'symbol': 'R3m', 'number': 160, 'point_group': '3m', 'crystal_system': 'trigonal', 'hall': 'R 3 -2""'}",CdI2
mp-569994,Cd4I8,[42198],2.4124000000000003,"{'symprec': 0.1, 'source': 'spglib', 'symbol': 'P6_3mc', 'number': 186, 'point_group': '6mm', 'crystal_system': 'hexagonal', 'hall': 'P 6c -2c'}",CdI2
mp-624400,Cd10I20,"[42203, 108929]",2.3782,"{'symprec': 0.1, 'source': 'spglib', 'symbol': 'P3m1', 'number': 156, 'point_group': '3m', 'crystal_system': 'trigonal', 'hall': 'P 3 -2""'}",CdI2
mp-571578,Cd10I20,"[108930, 42204]",2.3723,"{'symprec': 0.1, 'source': 'spglib', 'symbol': 'P3m1', 'number': 156, 'point_group': '3m', 'crystal_system': 'trigonal', 'hall': 'P 3 -2""'}",CdI2
mp-570089,Cd12I24,[42205],2.4122000000000003,"{'symprec': 0.1, 'source': 'spglib', 'symbol': 'P6_3mc', 'number': 186, 'point_group': '6mm', 'crystal_system': 'hexagonal', 'hall': 'P 6c -2c'}",CdI2
mp-680095,Cd20I40,[42206],2.3417,"{'symprec': 0.1, 'source': 'spglib', 'symbol': 'P3m1', 'number': 156, 'point_group': '3m', 'crystal_system': 'trigonal', 'hall': 'P 3 -2""'}",CdI2
mp-570437,Cd3I6,[42207],2.4048000000000003,"{'symprec': 0.1, 'source': 'spglib', 'symbol': 'P3m1', 'number': 156, 'point_group': '3m', 'crystal_system': 'trigonal', 'hall': 'P 3 -2""'}",CdI2
mp-570472,Cd5I10,"[44793, 42209]",2.3081,"{'symprec': 0.1, 'source': 'spglib', 'symbol': 'P3m1', 'number': 156, 'point_group': '3m', 'crystal_system': 'trigonal', 'hall': 'P 3 -2""'}",CdI2
mp-570671,Cd6I12,"[44796, 42210]",2.4445,"{'symprec': 0.1, 'source': 'spglib', 'symbol': 'P3m1', 'number': 156, 'point_group': '3m', 'crystal_system': 'trigonal', 'hall': 'P 3 -2""'}",CdI2
mp-571037,Cd7I14,"[44797, 42211]",2.4173,"{'symprec': 0.1, 'source': 'spglib', 'symbol': 'P3m1', 'number': 156, 'point_group': '3m', 'crystal_system': 'trigonal', 'hall': 'P 3 -2""'}",CdI2
mp-571136,Cd7I14,"[42213, 108925]",2.4293,"{'symprec': 0.1, 'source': 'spglib', 'symbol': 'P3m1', 'number': 156, 'point_group': '3m', 'crystal_system': 'trigonal', 'hall': 'P 3 -2""'}",CdI2
mp-571568,Cd8I16,"[42216, 42408]",2.4195,"{'symprec': 0.1, 'source': 'spglib', 'symbol': 'P3m1', 'number': 156, 'point_group': '3m', 'crystal_system': 'trigonal', 'hall': 'P 3 -2""'}",CdI2
mp-570019,Cd8I16,"[42217, 108921]",2.4216,"{'symprec': 0.1, 'source': 'spglib', 'symbol': 'P3m1', 'number': 156, 'point_group': '3m', 'crystal_system': 'trigonal', 'hall': 'P 3 -2""'}",CdI2
mp-570314,Cd9I18,[42218],2.3776,"{'symprec': 0.1, 'source': 'spglib', 'symbol': 'P3m1', 'number': 156, 'point_group': '3m', 'crystal_system': 'trigonal', 'hall': 'P 3 -2""'}",CdI2
mp-570410,Cd9I18,[42220],2.379,"{'symprec': 0.1, 'source': 'spglib', 'symbol': 'P3m1', 'number': 156, 'point_group': '3m', 'crystal_system': 'trigonal', 'hall': 'P 3 -2""'}",CdI2
mp-571616,Cd10I20,"[42224, 108928]",2.4567,"{'symprec': 0.1, 'source': 'spglib', 'symbol': 'P3m1', 'number': 156, 'point_group': '3m', 'crystal_system': 'trigonal', 'hall': 'P 3 -2""'}",CdI2
mp-571579,Cd10I20,[42225],2.4388,"{'symprec': 0.1, 'source': 'spglib', 'symbol': 'P3m1', 'number': 156, 'point_group': '3m', 'crystal_system': 'trigonal', 'hall': 'P 3 -2""'}",CdI2
mp-571615,Cd10I20,[42226],2.4311,"{'symprec': 0.1, 'source': 'spglib', 'symbol': 'P3m1', 'number': 156, 'point_group': '3m', 'crystal_system': 'trigonal', 'hall': 'P 3 -2""'}",CdI2
mp-680055,Cd11I22,"[42229, 43443]",2.3812,"{'symprec': 0.1, 'source': 'spglib', 'symbol': 'P3m1', 'number': 156, 'point_group': '3m', 'crystal_system': 'trigonal', 'hall': 'P 3 -2""'}",CdI2
mp-570492,Cd13I26,"[108922, 42239]",2.4254,"{'symprec': 0.1, 'source': 'spglib', 'symbol': 'P3m1', 'number': 156, 'point_group': '3m', 'crystal_system': 'trigonal', 'hall': 'P 3 -2""'}",CdI2
mp-680116,Cd14I28,[42240],2.3523,"{'symprec': 0.1, 'source': 'spglib', 'symbol': 'P3m1', 'number': 156, 'point_group': '3m', 'crystal_system': 'trigonal', 'hall': 'P 3 -2""'}",CdI2
mp-680047,Cd14I28,"[42241, 42410]",2.3548,"{'symprec': 0.1, 'source': 'spglib', 'symbol': 'P3m1', 'number': 156, 'point_group': '3m', 'crystal_system': 'trigonal', 'hall': 'P 3 -2""'}",CdI2
mp-680046,Cd14I28,"[42411, 42242]",2.3536,"{'symprec': 0.1, 'source': 'spglib', 'symbol': 'P3m1', 'number': 156, 'point_group': '3m', 'crystal_system': 'trigonal', 'hall': 'P 3 -2""'}",CdI2
mp-680119,Cd15I30,"[108931, 42245]",2.3832,"{'symprec': 0.1, 'source': 'spglib', 'symbol': 'P3m1', 'number': 156, 'point_group': '3m', 'crystal_system': 'trigonal', 'hall': 'P 3 -2""'}",CdI2
mp-680118,Cd15I30,"[42246, 108932]",2.3814,"{'symprec': 0.1, 'source': 'spglib', 'symbol': 'P3m1', 'number': 156, 'point_group': '3m', 'crystal_system': 'trigonal', 'hall': 'P 3 -2""'}",CdI2
mp-582042,Cd15I30,"[108933, 42247]",2.4223,"{'symprec': 0.1, 'source': 'spglib', 'symbol': 'P3m1', 'number': 156, 'point_group': '3m', 'crystal_system': 'trigonal', 'hall': 'P 3 -2""'}",CdI2
mp-680133,Cd17I34,"[42249, 108923]",2.3558000000000003,"{'symprec': 0.1, 'source': 'spglib', 'symbol': 'P3m1', 'number': 156, 'point_group': '3m', 'crystal_system': 'trigonal', 'hall': 'P 3 -2""'}",CdI2
mp-569611,Cd17I34,[42250],2.38,"{'symprec': 0.1, 'source': 'spglib', 'symbol': 'P3m1', 'number': 156, 'point_group': '3m', 'crystal_system': 'trigonal', 'hall': 'P 3 -2""'}",CdI2
mp-582084,Cd18I36,"[42251, 42412]",2.3919,"{'symprec': 0.1, 'source': 'spglib', 'symbol': 'P3m1', 'number': 156, 'point_group': '3m', 'crystal_system': 'trigonal', 'hall': 'P 3 -2""'}",CdI2
mp-570695,Cd6I12,"[44794, 42255]",2.4178,"{'symprec': 0.1, 'source': 'spglib', 'symbol': 'P3m1', 'number': 156, 'point_group': '3m', 'crystal_system': 'trigonal', 'hall': 'P 3 -2""'}",CdI2
mp-570781,Cd6I12,"[42256, 44795]",1.9816000000000005,"{'symprec': 0.1, 'source': 'spglib', 'symbol': 'P3m1', 'number': 156, 'point_group': '3m', 'crystal_system': 'trigonal', 'hall': 'P 3 -2""'}",CdI2
mp-570165,Cd9I18,"[42263, 42409]",2.3906,"{'symprec': 0.1, 'source': 'spglib', 'symbol': 'P3m1', 'number': 156, 'point_group': '3m', 'crystal_system': 'trigonal', 'hall': 'P 3 -2""'}",CdI2
mp-624399,Cd9I18,"[42264, 108926]",2.3811,"{'symprec': 0.1, 'source': 'spglib', 'symbol': 'P3m1', 'number': 156, 'point_group': '3m', 'crystal_system': 'trigonal', 'hall': 'P 3 -2""'}",CdI2
mp-624406,Cd10I20,[42265],2.3498,"{'symprec': 0.1, 'source': 'spglib', 'symbol': 'P3m1', 'number': 156, 'point_group': '3m', 'crystal_system': 'trigonal', 'hall': 'P 3 -2""'}",CdI2
mp-569666,Cd17I34,[42267],2.4072,"{'symprec': 0.1, 'source': 'spglib', 'symbol': 'P3m1', 'number': 156, 'point_group': '3m', 'crystal_system': 'trigonal', 'hall': 'P 3 -2""'}",CdI2
mp-571535,Cd8I16,[42283],2.4194,"{'symprec': 0.1, 'source': 'spglib', 'symbol': 'P3m1', 'number': 156, 'point_group': '3m', 'crystal_system': 'trigonal', 'hall': 'P 3 -2""'}",CdI2
mp-571538,Cd10I20,[42284],2.3663,"{'symprec': 0.1, 'source': 'spglib', 'symbol': 'P3m1', 'number': 156, 'point_group': '3m', 'crystal_system': 'trigonal', 'hall': 'P 3 -2""'}",CdI2
mp-680112,Cd11I22,[42285],2.3482,"{'symprec': 0.1, 'source': 'spglib', 'symbol': 'P3m1', 'number': 156, 'point_group': '3m', 'crystal_system': 'trigonal', 'hall': 'P 3 -2""'}",CdI2
mp-680113,Cd11I22,[42286],2.3441,"{'symprec': 0.1, 'source': 'spglib', 'symbol': 'P3m1', 'number': 156, 'point_group': '3m', 'crystal_system': 'trigonal', 'hall': 'P 3 -2""'}",CdI2
mp-680114,Cd11I22,[42287],2.3553,"{'symprec': 0.1, 'source': 'spglib', 'symbol': 'P3m1', 'number': 156, 'point_group': '3m', 'crystal_system': 'trigonal', 'hall': 'P 3 -2""'}",CdI2
mp-570552,Cd13I26,[42288],2.4742,"{'symprec': 0.1, 'source': 'spglib', 'symbol': 'P3m1', 'number': 156, 'point_group': '3m', 'crystal_system': 'trigonal', 'hall': 'P 3 -2""'}",CdI2
mp-669340,Cd14I28,[42289],2.3451,"{'symprec': 0.1, 'source': 'spglib', 'symbol': 'P3m1', 'number': 156, 'point_group': '3m', 'crystal_system': 'trigonal', 'hall': 'P 3 -2""'}",CdI2
mp-680144,Cd19I38,[42290],2.3419,"{'symprec': 0.1, 'source': 'spglib', 'symbol': 'P3m1', 'number': 156, 'point_group': '3m', 'crystal_system': 'trigonal', 'hall': 'P 3 -2""'}",CdI2
mp-680145,Cd20I40,[42291],2.3355,"{'symprec': 0.1, 'source': 'spglib', 'symbol': 'P3m1', 'number': 156, 'point_group': '3m', 'crystal_system': 'trigonal', 'hall': 'P 3 -2""'}",CdI2
mp-680148,Cd20I40,[42292],2.3384,"{'symprec': 0.1, 'source': 'spglib', 'symbol': 'P3m1', 'number': 156, 'point_group': '3m', 'crystal_system': 'trigonal', 'hall': 'P 3 -2""'}",CdI2
mp-571519,Cd7I14,[42303],2.4175,"{'symprec': 0.1, 'source': 'spglib', 'symbol': 'P3m1', 'number': 156, 'point_group': '3m', 'crystal_system': 'trigonal', 'hall': 'P 3 -2""'}",CdI2
mp-624417,Cd11I22,[42304],2.353,"{'symprec': 0.1, 'source': 'spglib', 'symbol': 'P3m1', 'number': 156, 'point_group': '3m', 'crystal_system': 'trigonal', 'hall': 'P 3 -2""'}",CdI2
mp-624418,Cd11I22,[42305],2.3456,"{'symprec': 0.1, 'source': 'spglib', 'symbol': 'P3m1', 'number': 156, 'point_group': '3m', 'crystal_system': 'trigonal', 'hall': 'P 3 -2""'}",CdI2
mp-571593,Cd12I24,[42306],2.387,"{'symprec': 0.1, 'source': 'spglib', 'symbol': 'P3m1', 'number': 156, 'point_group': '3m', 'crystal_system': 'trigonal', 'hall': 'P 3 -2""'}",CdI2
mp-570610,Cd13I26,[42307],2.4284,"{'symprec': 0.1, 'source': 'spglib', 'symbol': 'P3m1', 'number': 156, 'point_group': '3m', 'crystal_system': 'trigonal', 'hall': 'P 3 -2""'}",CdI2
mp-680146,Cd19I38,[42308],2.3508,"{'symprec': 0.1, 'source': 'spglib', 'symbol': 'P3m1', 'number': 156, 'point_group': '3m', 'crystal_system': 'trigonal', 'hall': 'P 3 -2""'}",CdI2
mp-680153,Cd21I42,[42309],2.3594,"{'symprec': 0.1, 'source': 'spglib', 'symbol': 'P3m1', 'number': 156, 'point_group': '3m', 'crystal_system': 'trigonal', 'hall': 'P 3 -2""'}",CdI2
mp-680163,Cd25I50,[42310],2.3597,"{'symprec': 0.1, 'source': 'spglib', 'symbol': 'P3m1', 'number': 156, 'point_group': '3m', 'crystal_system': 'trigonal', 'hall': 'P 3 -2""'}",CdI2
mp-680196,Cd29I58,[42311],2.3569,"{'symprec': 0.1, 'source': 'spglib', 'symbol': 'P3m1', 'number': 156, 'point_group': '3m', 'crystal_system': 'trigonal', 'hall': 'P 3 -2""'}",CdI2
mp-571646,Cd12I24,[42313],2.3721,"{'symprec': 0.1, 'source': 'spglib', 'symbol': 'P3m1', 'number': 156, 'point_group': '3m', 'crystal_system': 'trigonal', 'hall': 'P 3 -2""'}",CdI2
mp-571607,Cd12I24,[42314],2.3709,"{'symprec': 0.1, 'source': 'spglib', 'symbol': 'P3m1', 'number': 156, 'point_group': '3m', 'crystal_system': 'trigonal', 'hall': 'P 3 -2""'}",CdI2
mp-571516,Cd16I32,[42315],2.464,"{'symprec': 0.1, 'source': 'spglib', 'symbol': 'P3m1', 'number': 156, 'point_group': '3m', 'crystal_system': 'trigonal', 'hall': 'P 3 -2""'}",CdI2
mp-569722,Cd17I34,[42316],2.4077,"{'symprec': 0.1, 'source': 'spglib', 'symbol': 'P3m1', 'number': 156, 'point_group': '3m', 'crystal_system': 'trigonal', 'hall': 'P 3 -2""'}",CdI2
mp-1180551,Li4Be4N4F16,[42462],2.8777,"{'symprec': 0.1, 'source': 'spglib', 'symbol': 'Pna2_1', 'number': 33, 'point_group': 'mm2', 'crystal_system': 'orthorhombic', 'hall': 'P 2c -2n'}",LiBeNF4
mp-29721,B12H20,[43253],3.8757,"{'symprec': 0.1, 'source': 'spglib', 'symbol': 'Cmc2_1', 'number': 36, 'point_group': 'mm2', 'crystal_system': 'orthorhombic', 'hall': 'C 2c -2'}",B3H5
mp-680111,Cd4I8,[44792],2.3871,"{'symprec': 0.1, 'source': 'spglib', 'symbol': 'P3m1', 'number': 156, 'point_group': '3m', 'crystal_system': 'trigonal', 'hall': 'P 3 -2""'}",CdI2
mp-24093,Cu2H2,[44859],0.7310000000000008,"{'symprec': 0.1, 'source': 'spglib', 'symbol': 'P6_3mc', 'number': 186, 'point_group': '6mm', 'crystal_system': 'hexagonal', 'hall': 'P 6c -2c'}",CuH
mp-570082,Cd8I16,[49572],2.4222,"{'symprec': 0.1, 'source': 'spglib', 'symbol': 'P3m1', 'number': 156, 'point_group': '3m', 'crystal_system': 'trigonal', 'hall': 'P 3 -2""'}",CdI2
mp-669357,Cd11I22,[49573],2.3545,"{'symprec': 0.1, 'source': 'spglib', 'symbol': 'P3m1', 'number': 156, 'point_group': '3m', 'crystal_system': 'trigonal', 'hall': 'P 3 -2""'}",CdI2
mp-669358,Cd11I22,[49574],2.3723,"{'symprec': 0.1, 'source': 'spglib', 'symbol': 'P3m1', 'number': 156, 'point_group': '3m', 'crystal_system': 'trigonal', 'hall': 'P 3 -2""'}",CdI2
mp-29515,P2H4F6,"[51680, 406359]",6.4670000000000005,"{'symprec': 0.1, 'source': 'spglib', 'symbol': 'Cmc2_1', 'number': 36, 'point_group': 'mm2', 'crystal_system': 'orthorhombic', 'hall': 'C 2c -2'}",PH2F3
mp-5707,Cs2As2F8,"[54852, 413041]",4.6885,"{'symprec': 0.1, 'source': 'spglib', 'symbol': 'P2_1', 'number': 4, 'point_group': '2', 'crystal_system': 'monoclinic', 'hall': 'P 2yb'}",CsAsF4
mp-560127,K4Mn2F12,"[61275, 60417]",3.3301,"{'symprec': 0.1, 'source': 'spglib', 'symbol': 'P6_3mc', 'number': 186, 'point_group': '6mm', 'crystal_system': 'hexagonal', 'hall': 'P 6c -2c'}",K2MnF6
mp-28361,Al4Cd2Cl16,[62037],3.858,"{'symprec': 0.1, 'source': 'spglib', 'symbol': 'Pc', 'number': 7, 'point_group': 'm', 'crystal_system': 'monoclinic', 'hall': 'P -2yc'}",Al2CdCl8
mp-541104,Na2Mn6F20,[62080],1.5530000000000002,"{'symprec': 0.1, 'source': 'spglib', 'symbol': 'Fdd2', 'number': 43, 'point_group': 'mm2', 'crystal_system': 'orthorhombic', 'hall': 'F 2 -2d'}",NaMn3F10
mp-541113,Cs12P28,[62259],2.3442000000000003,"{'symprec': 0.1, 'source': 'spglib', 'symbol': 'P4_1', 'number': 76, 'point_group': '4', 'crystal_system': 'tetragonal', 'hall': 'P 4w'}",Cs3P7
mp-650841,Ga12Br24,[62666],3.3617,"{'symprec': 0.1, 'source': 'spglib', 'symbol': 'R3c', 'number': 161, 'point_group': '3m', 'crystal_system': 'trigonal', 'hall': 'R 3 -2""c'}",GaBr2
mp-28398,Na20Mn12F56,[62788],1.4714,"{'symprec': 0.1, 'source': 'spglib', 'symbol': 'Pna2_1', 'number': 33, 'point_group': 'mm2', 'crystal_system': 'orthorhombic', 'hall': 'P 2c -2n'}",Na5Mn3F14
mp-18511,Nd6F18,[63049],7.8064,"{'symprec': 0.1, 'source': 'spglib', 'symbol': 'P6_3cm', 'number': 185, 'point_group': '6mm', 'crystal_system': 'hexagonal', 'hall': 'P 6c -2'}",NdF3
mp-1182429,Be8N16F32,[63089],1.7678999999999998,"{'symprec': 0.1, 'source': 'spglib', 'symbol': 'Pna2_1', 'number': 33, 'point_group': 'mm2', 'crystal_system': 'orthorhombic', 'hall': 'P 2c -2n'}",Be(NF2)2
mp-28408,K4Tc4Cl12,[63512],1.7152000000000005,"{'symprec': 0.1, 'source': 'spglib', 'symbol': 'Cc', 'number': 9, 'point_group': 'm', 'crystal_system': 'monoclinic', 'hall': 'C -2yc'}",KTcCl3
mp-1197798,H32,[63633],8.2306,"{'symprec': 0.1, 'source': 'spglib', 'symbol': 'P2_1', 'number': 4, 'point_group': '2', 'crystal_system': 'monoclinic', 'hall': 'P 2yb'}",H2
mp-652621,In40Br56,[65197],2.0735,"{'symprec': 0.1, 'source': 'spglib', 'symbol': 'Cc', 'number': 9, 'point_group': 'm', 'crystal_system': 'monoclinic', 'hall': 'C -2yc'}",In5Br7
mp-730190,H32N8F8,[65695],6.175,"{'symprec': 0.1, 'source': 'spglib', 'symbol': 'R3c', 'number': 161, 'point_group': '3m', 'crystal_system': 'trigonal', 'hall': 'R 3 -2""c'}",H4NF
mp-28726,K18Y18F72,[66701],6.9098,"{'symprec': 0.1, 'source': 'spglib', 'symbol': 'P3_1', 'number': 144, 'point_group': '3', 'crystal_system': 'trigonal', 'hall': 'P 31'}",KYF4
mp-616204,Ga12Cl28,[67279],4.144,"{'symprec': 0.1, 'source': 'spglib', 'symbol': 'Pna2_1', 'number': 33, 'point_group': 'mm2', 'crystal_system': 'orthorhombic', 'hall': 'P 2c -2n'}",Ga3Cl7
mp-8880,Al2P2,"[190421, 67770]",2.0228,"{'symprec': 0.1, 'source': 'spglib', 'symbol': 'P6_3mc', 'number': 186, 'point_group': '6mm', 'crystal_system': 'hexagonal', 'hall': 'P 6c -2c'}",AlP
mp-8881,Al2As2,"[67771, 190419]",1.6862000000000004,"{'symprec': 0.1, 'source': 'spglib', 'symbol': 'P6_3mc', 'number': 186, 'point_group': '6mm', 'crystal_system': 'hexagonal', 'hall': 'P 6c -2c'}",AlAs
mp-8882,Ga2P2,"[67772, 190425]",1.2984,"{'symprec': 0.1, 'source': 'spglib', 'symbol': 'P6_3mc', 'number': 186, 'point_group': '6mm', 'crystal_system': 'hexagonal', 'hall': 'P 6c -2c'}",GaP
mp-8883,Ga2As2,"[190423, 67773]",0.1924999999999999,"{'symprec': 0.1, 'source': 'spglib', 'symbol': 'P6_3mc', 'number': 186, 'point_group': '6mm', 'crystal_system': 'hexagonal', 'hall': 'P 6c -2c'}",GaAs
mp-560570,Rb2Na1Al6F21,[68555],7.0043000000000015,"{'symprec': 0.1, 'source': 'spglib', 'symbol': 'C2', 'number': 5, 'point_group': '2', 'crystal_system': 'monoclinic', 'hall': 'C 2y'}",Rb2NaAl6F21
mp-28680,K6Ga6Br24,[69651],3.5772000000000004,"{'symprec': 0.1, 'source': 'spglib', 'symbol': 'R3c', 'number': 161, 'point_group': '3m', 'crystal_system': 'trigonal', 'hall': 'R 3 -2""c'}",KGaBr4
mp-654372,K48Co24Cl96,[71304],0.8275000000000001,"{'symprec': 0.1, 'source': 'spglib', 'symbol': 'Cc', 'number': 9, 'point_group': 'm', 'crystal_system': 'monoclinic', 'hall': 'C -2yc'}",K2CoCl4
mp-28792,P4N3Cl11,[71913],2.6579,"{'symprec': 0.1, 'source': 'spglib', 'symbol': 'R3', 'number': 146, 'point_group': '3', 'crystal_system': 'trigonal', 'hall': 'R 3'}",P4N3Cl11
mp-568854,Cs6Re6Br6Cl18,[74840],1.1778,"{'symprec': 0.1, 'source': 'spglib', 'symbol': 'Ama2', 'number': 40, 'point_group': 'mm2', 'crystal_system': 'orthorhombic', 'hall': 'A 2 -2a'}",CsReBrCl3
mp-28889,Hg20Sb8I24,[74921],1.4026,"{'symprec': 0.1, 'source': 'spglib', 'symbol': 'Pna2_1', 'number': 33, 'point_group': 'mm2', 'crystal_system': 'orthorhombic', 'hall': 'P 2c -2n'}",Hg5(SbI3)2
mp-556103,Cs18Ga12F54,[75365],5.8609,"{'symprec': 0.1, 'source': 'spglib', 'symbol': 'P6_3cm', 'number': 185, 'point_group': '6mm', 'crystal_system': 'hexagonal', 'hall': 'P 6c -2'}",Cs3Ga2F9
mp-29033,P3Br1Cl14,[80214],1.602,"{'symprec': 0.1, 'source': 'spglib', 'symbol': 'I4', 'number': 79, 'point_group': '4', 'crystal_system': 'tetragonal', 'hall': 'I 4'}",P3BrCl14
mp-571242,Rb8Co4Cl16,[87517],0.7313999999999999,"{'symprec': 0.1, 'source': 'spglib', 'symbol': 'Pna2_1', 'number': 33, 'point_group': 'mm2', 'crystal_system': 'orthorhombic', 'hall': 'P 2c -2n'}",Rb2CoCl4
mp-29783,B40H72,[88519],5.9612,"{'symprec': 0.1, 'source': 'spglib', 'symbol': 'P4_1', 'number': 76, 'point_group': '4', 'crystal_system': 'tetragonal', 'hall': 'P 4w'}",B5H9
mp-643759,Ga2H6N2F6,[89503],5.317,"{'symprec': 0.1, 'source': 'spglib', 'symbol': 'Aem2', 'number': 39, 'point_group': 'mm2', 'crystal_system': 'orthorhombic', 'hall': 'A 2 -2c'}",GaH3NF3
mp-29895,Rb12Bi8I36,[90170],2.4206,"{'symprec': 0.1, 'source': 'spglib', 'symbol': 'Pc', 'number': 7, 'point_group': 'm', 'crystal_system': 'monoclinic', 'hall': 'P -2yc'}",Rb3Bi2I9
mp-29904,Sb2Xe4F18,[90622],2.0247999999999995,"{'symprec': 0.1, 'source': 'spglib', 'symbol': 'Cc', 'number': 9, 'point_group': 'm', 'crystal_system': 'monoclinic', 'hall': 'C -2yc'}",SbXe2F9
mp-569525,Na1Li5N2,[92314],0.3468,"{'symprec': 0.1, 'source': 'spglib', 'symbol': 'Pm', 'number': 6, 'point_group': 'm', 'crystal_system': 'monoclinic', 'hall': 'P -2y'}",NaLi5N2
mp-30159,Au2Br2F12,[93481],1.9743,"{'symprec': 0.1, 'source': 'spglib', 'symbol': 'P2_1', 'number': 4, 'point_group': '2', 'crystal_system': 'monoclinic', 'hall': 'P 2yb'}",AuBrF6
mp-644223,Li2B2H8,"[95208, 245569]",6.7570999999999986,"{'symprec': 0.1, 'source': 'spglib', 'symbol': 'P6_3mc', 'number': 186, 'point_group': '6mm', 'crystal_system': 'hexagonal', 'hall': 'P 6c -2c'}",LiBH4
mp-1954,P3N5,"[95782, 411857]",2.6467,"{'symprec': 0.1, 'source': 'spglib', 'symbol': 'Imm2', 'number': 44, 'point_group': 'mm2', 'crystal_system': 'orthorhombic', 'hall': 'I 2 -2'}",P3N5
mp-1202807,Al2H24N6F12,[96591],5.886,"{'symprec': 0.1, 'source': 'spglib', 'symbol': 'Aea2', 'number': 41, 'point_group': 'mm2', 'crystal_system': 'orthorhombic', 'hall': 'A 2 -2ac'}",AlH12(NF2)3
mp-9575,Li2Be2Sb2,"[616318, 100114]",0.9076000000000004,"{'symprec': 0.1, 'source': 'spglib', 'symbol': 'P6_3mc', 'number': 186, 'point_group': '6mm', 'crystal_system': 'hexagonal', 'hall': 'P 6c -2c'}",LiBeSb
mp-29246,Cd4P6Cl2,[100818],1.3257,"{'symprec': 0.1, 'source': 'spglib', 'symbol': 'Cc', 'number': 9, 'point_group': 'm', 'crystal_system': 'monoclinic', 'hall': 'C -2yc'}",Cd2P3Cl
mp-570511,Cd5I10,[108915],2.3745000000000003,"{'symprec': 0.1, 'source': 'spglib', 'symbol': 'P3m1', 'number': 156, 'point_group': '3m', 'crystal_system': 'trigonal', 'hall': 'P 3 -2""'}",CdI2
mp-570559,Cd5I10,[108916],2.417,"{'symprec': 0.1, 'source': 'spglib', 'symbol': 'P3m1', 'number': 156, 'point_group': '3m', 'crystal_system': 'trigonal', 'hall': 'P 3 -2""'}",CdI2
mp-570882,Cd6I12,[108917],2.4174,"{'symprec': 0.1, 'source': 'spglib', 'symbol': 'P3m1', 'number': 156, 'point_group': '3m', 'crystal_system': 'trigonal', 'hall': 'P 3 -2""'}",CdI2
mp-570939,Cd6I12,"[108918, 108927]",2.4618,"{'symprec': 0.1, 'source': 'spglib', 'symbol': 'P3m1', 'number': 156, 'point_group': '3m', 'crystal_system': 'trigonal', 'hall': 'P 3 -2""'}",CdI2
mp-570127,Cd8I16,[108919],2.4167,"{'symprec': 0.1, 'source': 'spglib', 'symbol': 'P3m1', 'number': 156, 'point_group': '3m', 'crystal_system': 'trigonal', 'hall': 'P 3 -2""'}",CdI2
mp-684029,Cd14I28,[108920],2.3629,"{'symprec': 0.1, 'source': 'spglib', 'symbol': 'P3m1', 'number': 156, 'point_group': '3m', 'crystal_system': 'trigonal', 'hall': 'P 3 -2""'}",CdI2
mp-570172,Hg2I2Br2,[109010],2.619,"{'symprec': 0.1, 'source': 'spglib', 'symbol': 'Cmc2_1', 'number': 36, 'point_group': 'mm2', 'crystal_system': 'orthorhombic', 'hall': 'C 2c -2'}",HgIBr
mp-571558,Hg3Br6,[151889],1.6827,"{'symprec': 0.1, 'source': 'spglib', 'symbol': 'P3', 'number': 143, 'point_group': '3', 'crystal_system': 'trigonal', 'hall': 'P 3'}",HgBr2
mp-1205325,K2Na4Al2H12,[152892],2.4608000000000003,"{'symprec': 0.1, 'source': 'spglib', 'symbol': 'P2_1', 'number': 4, 'point_group': '2', 'crystal_system': 'monoclinic', 'hall': 'P 2yb'}",KNa2AlH6
mp-569811,Yb22Ga2Sb18,[153030],0.6382000000000003,"{'symprec': 0.1, 'source': 'spglib', 'symbol': 'Iba2', 'number': 45, 'point_group': 'mm2', 'crystal_system': 'orthorhombic', 'hall': 'I 2 -2c'}",Yb11GaSb9
mp-23719,Be2Al2H10,[156311],3.4607,"{'symprec': 0.1, 'source': 'spglib', 'symbol': 'P2_1', 'number': 4, 'point_group': '2', 'crystal_system': 'monoclinic', 'hall': 'P 2yb'}",BeAlH5
mp-569787,Al4B12H48,[158291],6.2431,"{'symprec': 0.1, 'source': 'spglib', 'symbol': 'Pna2_1', 'number': 33, 'point_group': 'mm2', 'crystal_system': 'orthorhombic', 'hall': 'P 2c -2n'}",Al(BH4)3
mp-35082,B2H12N2,"[180547, 182301, 164031, 164029, 182300, 300211, 159678, 164041, 164033, 161308, 181932, 164032, 164039, 187303, 164043, 161309, 164030, 164040, 164042]",6.0653,"{'symprec': 0.1, 'source': 'spglib', 'symbol': 'Pmn2_1', 'number': 31, 'point_group': 'mm2', 'crystal_system': 'orthorhombic', 'hall': 'P 2ac -2'}",BH6N
mp-567290,La2N2,[162195],1.1489000000000005,"{'symprec': 0.1, 'source': 'spglib', 'symbol': 'P6_3mc', 'number': 186, 'point_group': '6mm', 'crystal_system': 'hexagonal', 'hall': 'P 6c -2c'}",LaN
mp-1079676,Li2Be2H6,[162774],4.5609,"{'symprec': 0.1, 'source': 'spglib', 'symbol': 'C2', 'number': 5, 'point_group': '2', 'crystal_system': 'monoclinic', 'hall': 'C 2y'}",LiBeH3
mp-1599,B4N4,"[162877, 162878, 162879]",1.6009000000000002,"{'symprec': 0.1, 'source': 'spglib', 'symbol': 'Cm', 'number': 8, 'point_group': 'm', 'crystal_system': 'monoclinic', 'hall': 'C -2y'}",BN
mp-344,B4N4,"[162880, 162881, 162882]",3.5021000000000004,"{'symprec': 0.1, 'source': 'spglib', 'symbol': 'Cc', 'number': 9, 'point_group': 'm', 'crystal_system': 'monoclinic', 'hall': 'C -2yc'}",BN
mp-571414,K1Na1B2H8,[163376],6.187,"{'symprec': 0.1, 'source': 'spglib', 'symbol': 'P3m1', 'number': 156, 'point_group': '3m', 'crystal_system': 'trigonal', 'hall': 'P 3 -2""'}",KNa(BH4)2
mp-568439,K1Na1B2H8,[163379],6.394,"{'symprec': 0.1, 'source': 'spglib', 'symbol': 'R3', 'number': 146, 'point_group': '3', 'crystal_system': 'trigonal', 'hall': 'R 3'}",KNa(BH4)2
mp-4360,Na2Cd2F6,"[163866, 163867]",3.4819999999999998,"{'symprec': 0.1, 'source': 'spglib', 'symbol': 'R3c', 'number': 161, 'point_group': '3m', 'crystal_system': 'trigonal', 'hall': 'R 3 -2""c'}",NaCdF3
mp-1102924,Na2Al2H8,[165838],1.9487,"{'symprec': 0.1, 'source': 'spglib', 'symbol': 'Cmc2_1', 'number': 36, 'point_group': 'mm2', 'crystal_system': 'orthorhombic', 'hall': 'C 2c -2'}",NaAlH4
mp-1105968,B2H12N2,"[290586, 181422, 165975, 165976]",6.2113,"{'symprec': 0.1, 'source': 'spglib', 'symbol': 'Cmc2_1', 'number': 36, 'point_group': 'mm2', 'crystal_system': 'orthorhombic', 'hall': 'C 2c -2'}",BH6N
mp-1188440,Li2Mn2V2F12,[167073],2.3789,"{'symprec': 0.1, 'source': 'spglib', 'symbol': 'P4_2nm', 'number': 102, 'point_group': '4mm', 'crystal_system': 'tetragonal', 'hall': 'P 4n -2n'}",LiMnVF6
mp-977164,Li3H3N2,[168795],1.9597,"{'symprec': 0.1, 'source': 'spglib', 'symbol': 'Pm', 'number': 6, 'point_group': 'm', 'crystal_system': 'monoclinic', 'hall': 'P -2y'}",Li3H3N2
mp-1067451,Tc2B2,[168896],1.4291,"{'symprec': 0.1, 'source': 'spglib', 'symbol': 'P6_3mc', 'number': 186, 'point_group': '6mm', 'crystal_system': 'hexagonal', 'hall': 'P 6c -2c'}",TcB
mp-683949,Al4P12N12Cl36,[170869],3.6551,"{'symprec': 0.1, 'source': 'spglib', 'symbol': 'Pmn2_1', 'number': 31, 'point_group': 'mm2', 'crystal_system': 'orthorhombic', 'hall': 'P 2ac -2'}",AlP3(NCl3)3
mp-556171,Cd4P8Xe20F88,[171325],2.4130000000000003,"{'symprec': 0.1, 'source': 'spglib', 'symbol': 'Pna2_1', 'number': 33, 'point_group': 'mm2', 'crystal_system': 'orthorhombic', 'hall': 'P 2c -2n'}",CdP2Xe5F22
mp-1095543,Li2B2H8,"[173101, 173102]",5.4657,"{'symprec': 0.1, 'source': 'spglib', 'symbol': 'Ama2', 'number': 40, 'point_group': 'mm2', 'crystal_system': 'orthorhombic', 'hall': 'A 2 -2a'}",LiBH4
mp-569106,Yb4Cd2Sb4,[173171],0.1609999999999996,"{'symprec': 0.1, 'source': 'spglib', 'symbol': 'Cmc2_1', 'number': 36, 'point_group': 'mm2', 'crystal_system': 'orthorhombic', 'hall': 'C 2c -2'}",Yb2CdSb2
mp-1201065,Li30H18N16,[180387],2.3794,"{'symprec': 0.1, 'source': 'spglib', 'symbol': 'Pc', 'number': 7, 'point_group': 'm', 'crystal_system': 'monoclinic', 'hall': 'P -2yc'}",Li15H9N8
mp-1200910,Li28H20N16,[180388],2.3082,"{'symprec': 0.1, 'source': 'spglib', 'symbol': 'Pna2_1', 'number': 33, 'point_group': 'mm2', 'crystal_system': 'orthorhombic', 'hall': 'P 2c -2n'}",Li7H5N4
mp-966800,In2P2,"[190429, 180911]",0.5137999999999998,"{'symprec': 0.1, 'source': 'spglib', 'symbol': 'P6_3mc', 'number': 186, 'point_group': '6mm', 'crystal_system': 'hexagonal', 'hall': 'P 6c -2c'}",InP
mp-1106386,B2H12N2,"[181423, 237079]",6.0083,"{'symprec': 0.1, 'source': 'spglib', 'symbol': 'P2_1', 'number': 4, 'point_group': '2', 'crystal_system': 'monoclinic', 'hall': 'P 2yb'}",BH6N
mp-1195726,Na4Li4B8H40N8,[184625],3.9023,"{'symprec': 0.1, 'source': 'spglib', 'symbol': 'Pca2_1', 'number': 29, 'point_group': 'mm2', 'crystal_system': 'orthorhombic', 'hall': 'P 2c -2ac'}",NaLiB2(H5N)2
mp-1070456,Be3N2,[185490],2.8646,"{'symprec': 0.1, 'source': 'spglib', 'symbol': 'R3m', 'number': 160, 'point_group': '3m', 'crystal_system': 'trigonal', 'hall': 'R 3 -2""'}",Be3N2
mp-1196426,Yb22Al2Sb18,"[186096, 186085, 186104, 186138, 186099, 186097, 186094, 186095, 186077, 186091, 186083, 186100, 186076, 186074, 186098, 186080, 186089, 186082, 186088, 186102, 186084, 186090, 186075, 186086, 186103, 186079, 186092, 186105, 186087, 186101, 186078, 186093, 186081]",1.0701999999999994,"{'symprec': 0.1, 'source': 'spglib', 'symbol': 'Iba2', 'number': 45, 'point_group': 'mm2', 'crystal_system': 'orthorhombic', 'hall': 'I 2 -2c'}",Yb11AlSb9
mp-1201270,K18Er18F72,[186997],6.7859,"{'symprec': 0.1, 'source': 'spglib', 'symbol': 'P3_1', 'number': 144, 'point_group': '3', 'crystal_system': 'trigonal', 'hall': 'P 31'}",KErF4
mp-1202279,K18Ho18F72,[186998],6.9055,"{'symprec': 0.1, 'source': 'spglib', 'symbol': 'P3_1', 'number': 144, 'point_group': '3', 'crystal_system': 'trigonal', 'hall': 'P 31'}",KHoF4
mp-1202753,K18Tm18F72,[186999],6.8499,"{'symprec': 0.1, 'source': 'spglib', 'symbol': 'P3_2', 'number': 145, 'point_group': '3', 'crystal_system': 'trigonal', 'hall': 'P 32'}",KTmF4
mp-1198717,K18Y18F72,"[187001, 187000]",6.8924,"{'symprec': 0.1, 'source': 'spglib', 'symbol': 'P3_2', 'number': 145, 'point_group': '3', 'crystal_system': 'trigonal', 'hall': 'P 32'}",KYF4
mp-1232407,Li6B6H32N4,[189247],5.9434000000000005,"{'symprec': 0.1, 'source': 'spglib', 'symbol': 'P2_1', 'number': 4, 'point_group': '2', 'crystal_system': 'monoclinic', 'hall': 'P 2yb'}",Li3B3(H8N)2
mp-1018100,Al2Sb2,[190422],0.9120999999999996,"{'symprec': 0.1, 'source': 'spglib', 'symbol': 'P6_3mc', 'number': 186, 'point_group': '6mm', 'crystal_system': 'hexagonal', 'hall': 'P 6c -2c'}",AlSb
mp-1077506,B3N3,[191254],1.0837000000000003,"{'symprec': 0.1, 'source': 'spglib', 'symbol': 'Imm2', 'number': 44, 'point_group': 'mm2', 'crystal_system': 'orthorhombic', 'hall': 'I 2 -2'}",BN
mp-1019323,Th2H1N3,[192153],1.5488,"{'symprec': 0.1, 'source': 'spglib', 'symbol': 'P3m1', 'number': 156, 'point_group': '3m', 'crystal_system': 'trigonal', 'hall': 'P 3 -2""'}",Th2HN3
mp-1103709,Rb4Cd2I4Br4,[194236],3.1710000000000003,"{'symprec': 0.1, 'source': 'spglib', 'symbol': 'Ama2', 'number': 40, 'point_group': 'mm2', 'crystal_system': 'orthorhombic', 'hall': 'A 2 -2a'}",Rb2Cd(IBr)2
mp-560748,Sb4Cl12F8,[200039],1.7137,"{'symprec': 0.1, 'source': 'spglib', 'symbol': 'I4', 'number': 79, 'point_group': '4', 'crystal_system': 'tetragonal', 'hall': 'I 4'}",SbCl3F2
mp-1238445,Be8H64N16F32,"[200528, 280097, 200933]",6.5561,"{'symprec': 0.1, 'source': 'spglib', 'symbol': 'Pna2_1', 'number': 33, 'point_group': 'mm2', 'crystal_system': 'orthorhombic', 'hall': 'P 2c -2n'}",BeH8(NF2)2
mp-29576,Cd14P20,[200596],1.0755,"{'symprec': 0.1, 'source': 'spglib', 'symbol': 'Fdd2', 'number': 43, 'point_group': 'mm2', 'crystal_system': 'orthorhombic', 'hall': 'F 2 -2d'}",Cd7P10
mp-24614,Be8H64N16F32,"[280096, 280097, 200933]",6.6481,"{'symprec': 0.1, 'source': 'spglib', 'symbol': 'Pna2_1', 'number': 33, 'point_group': 'mm2', 'crystal_system': 'orthorhombic', 'hall': 'P 2c -2n'}",BeH8(NF2)2
mp-29292,B80H104,[201205],3.3335,"{'symprec': 0.1, 'source': 'spglib', 'symbol': 'I4_1cd', 'number': 110, 'point_group': '4mm', 'crystal_system': 'tetragonal', 'hall': 'I 4bw -2c'}",B10H13
mp-1180573,Nb24H4I44,[201427],0.12749999999999995,"{'symprec': 0.1, 'source': 'spglib', 'symbol': 'Pna2_1', 'number': 33, 'point_group': 'mm2', 'crystal_system': 'orthorhombic', 'hall': 'P 2c -2n'}",Nb6HI11
mp-29449,Rb16Cu20Cl36,[201786],1.7887,"{'symprec': 0.1, 'source': 'spglib', 'symbol': 'Pc', 'number': 7, 'point_group': 'm', 'crystal_system': 'monoclinic', 'hall': 'P -2yc'}",Rb4Cu5Cl9
mp-29314,Rb6V6Br18,[201835],0.6103000000000001,"{'symprec': 0.1, 'source': 'spglib', 'symbol': 'P6_3cm', 'number': 185, 'point_group': '6mm', 'crystal_system': 'hexagonal', 'hall': 'P 6c -2'}",RbVBr3
mp-29336,Rb4Pu2Cl12,[202527],0.13119999999999998,"{'symprec': 0.1, 'source': 'spglib', 'symbol': 'P6_3mc', 'number': 186, 'point_group': '6mm', 'crystal_system': 'hexagonal', 'hall': 'P 6c -2c'}",Rb2PuCl6
mp-1087524,Li2H4N2,[237213],2.7839,"{'symprec': 0.1, 'source': 'spglib', 'symbol': 'Cc', 'number': 9, 'point_group': 'm', 'crystal_system': 'monoclinic', 'hall': 'C -2yc'}",LiH2N
mp-1189646,Li4H8N4,[237215],2.9176,"{'symprec': 0.1, 'source': 'spglib', 'symbol': 'Pna2_1', 'number': 33, 'point_group': 'mm2', 'crystal_system': 'orthorhombic', 'hall': 'P 2c -2n'}",LiH2N
mp-1197471,Li2As2Xe6F24,[237658],2.9108,"{'symprec': 0.1, 'source': 'spglib', 'symbol': 'P2_1', 'number': 4, 'point_group': '2', 'crystal_system': 'monoclinic', 'hall': 'P 2yb'}",LiAs(XeF4)3
mp-558728,Cs3Li2F5,[245964],5.7360000000000015,"{'symprec': 0.1, 'source': 'spglib', 'symbol': 'Fmm2', 'number': 42, 'point_group': 'mm2', 'crystal_system': 'orthorhombic', 'hall': 'F 2 -2'}",Cs3Li2F5
mp-560088,Cs2Li3F5,[245966],5.6212,"{'symprec': 0.1, 'source': 'spglib', 'symbol': 'Amm2', 'number': 38, 'point_group': 'mm2', 'crystal_system': 'orthorhombic', 'hall': 'A 2 -2'}",Cs2Li3F5
mp-606711,Cs3Li1Cl4,[245969],4.7641,"{'symprec': 0.1, 'source': 'spglib', 'symbol': 'Amm2', 'number': 38, 'point_group': 'mm2', 'crystal_system': 'orthorhombic', 'hall': 'A 2 -2'}",Cs3LiCl4
mp-570756,Cs3Li2Cl5,[245971],5.0645,"{'symprec': 0.1, 'source': 'spglib', 'symbol': 'Cm', 'number': 8, 'point_group': 'm', 'crystal_system': 'monoclinic', 'hall': 'C -2y'}",Cs3Li2Cl5
mp-1080005,Cs3Li2Br5,[245978],4.2273,"{'symprec': 0.1, 'source': 'spglib', 'symbol': 'Cm', 'number': 8, 'point_group': 'm', 'crystal_system': 'monoclinic', 'hall': 'C -2y'}",Cs3Li2Br5
mp-580554,Cs2Li6Br8,[245982],4.0021,"{'symprec': 0.1, 'source': 'spglib', 'symbol': 'Pmc2_1', 'number': 26, 'point_group': 'mm2', 'crystal_system': 'orthorhombic', 'hall': 'P 2c -2'}",CsLi3Br4
mp-1190087,Cs4Li4I8,[245986],3.7315,"{'symprec': 0.1, 'source': 'spglib', 'symbol': 'Cmc2_1', 'number': 36, 'point_group': 'mm2', 'crystal_system': 'orthorhombic', 'hall': 'C 2c -2'}",CsLiI2
mp-1184020,Cs2Li6I8,[245989],3.7509,"{'symprec': 0.1, 'source': 'spglib', 'symbol': 'Pm', 'number': 6, 'point_group': 'm', 'crystal_system': 'monoclinic', 'hall': 'P -2y'}",CsLi3I4
mp-866663,K6Ta2F16,[248063],3.85,"{'symprec': 0.1, 'source': 'spglib', 'symbol': 'P6_3mc', 'number': 186, 'point_group': '6mm', 'crystal_system': 'hexagonal', 'hall': 'P 6c -2c'}",K3TaF8
mp-1106172,B2H10N2Cl2,[248875],5.4345,"{'symprec': 0.1, 'source': 'spglib', 'symbol': 'Cmc2_1', 'number': 36, 'point_group': 'mm2', 'crystal_system': 'orthorhombic', 'hall': 'C 2c -2'}",BH5NCl
mp-1194847,Y4B12H132N28,[251870],5.4364,"{'symprec': 0.1, 'source': 'spglib', 'symbol': 'Pca2_1', 'number': 29, 'point_group': 'mm2', 'crystal_system': 'orthorhombic', 'hall': 'P 2c -2ac'}",YB3H33N7
mp-1201574,In4Hg12P6Cl18,[261398],2.4934000000000003,"{'symprec': 0.1, 'source': 'spglib', 'symbol': 'P2_1', 'number': 4, 'point_group': '2', 'crystal_system': 'monoclinic', 'hall': 'P 2yb'}",In2Hg6(PCl3)3
mp-1103416,Na2B2H8,[261751],5.4542,"{'symprec': 0.1, 'source': 'spglib', 'symbol': 'Pm', 'number': 6, 'point_group': 'm', 'crystal_system': 'monoclinic', 'hall': 'P -2y'}",NaBH4
mp-699937,K16Mn16Be24F96,[280610],4.7164,"{'symprec': 0.1, 'source': 'spglib', 'symbol': 'P2_1', 'number': 4, 'point_group': '2', 'crystal_system': 'monoclinic', 'hall': 'P 2yb'}",K2Mn2Be3F12
mp-18361,K14Nb2As8,[380109],1.1283,"{'symprec': 0.1, 'source': 'spglib', 'symbol': 'Pmn2_1', 'number': 31, 'point_group': 'mm2', 'crystal_system': 'orthorhombic', 'hall': 'P 2ac -2'}",K7NbAs4
mp-18073,K14Ta2As8,[380110],1.0401,"{'symprec': 0.1, 'source': 'spglib', 'symbol': 'Pmn2_1', 'number': 31, 'point_group': 'mm2', 'crystal_system': 'orthorhombic', 'hall': 'P 2ac -2'}",K7TaAs4
mp-18440,Rb14Nb2As8,[380111],0.7916000000000001,"{'symprec': 0.1, 'source': 'spglib', 'symbol': 'Pmn2_1', 'number': 31, 'point_group': 'mm2', 'crystal_system': 'orthorhombic', 'hall': 'P 2ac -2'}",Rb7NbAs4
mp-680466,In2Bi74Br96,[391191],1.3903,"{'symprec': 0.1, 'source': 'spglib', 'symbol': 'P6_3', 'number': 173, 'point_group': '6', 'crystal_system': 'hexagonal', 'hall': 'P 6c'}",InBi37Br48
mp-567472,Cu12P48I12,[401755],0.8797000000000006,"{'symprec': 0.1, 'source': 'spglib', 'symbol': 'P2_1', 'number': 4, 'point_group': '2', 'crystal_system': 'monoclinic', 'hall': 'P 2yb'}",CuP4I
mp-1189443,H4N4F8,"[404201, 404200]",4.7366,"{'symprec': 0.1, 'source': 'spglib', 'symbol': 'Pca2_1', 'number': 29, 'point_group': 'mm2', 'crystal_system': 'orthorhombic', 'hall': 'P 2c -2ac'}",HNF2
mp-759690,Mn2H16N4F12,[406381],3.3135,"{'symprec': 0.1, 'source': 'spglib', 'symbol': 'P6_3mc', 'number': 186, 'point_group': '6mm', 'crystal_system': 'hexagonal', 'hall': 'P 6c -2c'}",MnH8(NF3)2
mp-571006,Yb4P20,[409180],0.20899999999999969,"{'symprec': 0.1, 'source': 'spglib', 'symbol': 'P2_1', 'number': 4, 'point_group': '2', 'crystal_system': 'monoclinic', 'hall': 'P 2yb'}",YbP5
mp-570828,Al8Hg16Sb8Cl32,[409934],0.8828,"{'symprec': 0.1, 'source': 'spglib', 'symbol': 'Pna2_1', 'number': 33, 'point_group': 'mm2', 'crystal_system': 'orthorhombic', 'hall': 'P 2c -2n'}",AlHg2SbCl4
mp-1079049,Ir1N4Cl4,[410911],0.4762,"{'symprec': 0.1, 'source': 'spglib', 'symbol': 'P1', 'number': 1, 'point_group': '1', 'crystal_system': 'triclinic', 'hall': 'P 1'}",Ir(NCl)4
mp-29845,Cs9Hg9Cl27,[410977],1.9873,"{'symprec': 0.1, 'source': 'spglib', 'symbol': 'P3_2', 'number': 145, 'point_group': '3', 'crystal_system': 'trigonal', 'hall': 'P 32'}",CsHgCl3
mp-10419,Na8Re2N6,[411243],2.4466,"{'symprec': 0.1, 'source': 'spglib', 'symbol': 'Cc', 'number': 9, 'point_group': 'm', 'crystal_system': 'monoclinic', 'hall': 'C -2yc'}",Na4ReN3
mp-1199772,Sb16Xe8Cl8F88,[411897],2.1165000000000003,"{'symprec': 0.1, 'source': 'spglib', 'symbol': 'Pna2_1', 'number': 33, 'point_group': 'mm2', 'crystal_system': 'orthorhombic', 'hall': 'P 2c -2n'}",Sb2XeClF11
mp-554764,Sb12Au12F88,[412236],0.1137999999999999,"{'symprec': 0.1, 'source': 'spglib', 'symbol': 'Pc', 'number': 7, 'point_group': 'm', 'crystal_system': 'monoclinic', 'hall': 'P -2yc'}",Sb3Au3F22
mp-1201608,Sb8As4Au4Xe4F56,[412994],3.2728,"{'symprec': 0.1, 'source': 'spglib', 'symbol': 'Pna2_1', 'number': 33, 'point_group': 'mm2', 'crystal_system': 'orthorhombic', 'hall': 'P 2c -2n'}",Sb2AsAuXeF14
mp-31251,Ga8Sb32Cl32,[413577],2.0139,"{'symprec': 0.1, 'source': 'spglib', 'symbol': 'Pna2_1', 'number': 33, 'point_group': 'mm2', 'crystal_system': 'orthorhombic', 'hall': 'P 2c -2n'}",Ga(SbCl)4
mp-569854,Ga6Bi10Cl24,[414089],1.8018,"{'symprec': 0.1, 'source': 'spglib', 'symbol': 'R3c', 'number': 161, 'point_group': '3m', 'crystal_system': 'trigonal', 'hall': 'R 3 -2""c'}",Ga3Bi5Cl12
mp-569237,Ga12Bi48Cl48,[414090],1.4227,"{'symprec': 0.1, 'source': 'spglib', 'symbol': 'P6_3', 'number': 173, 'point_group': '6', 'crystal_system': 'hexagonal', 'hall': 'P 6c'}",Ga(BiCl)4
mp-570935,Li2I2,[414242],4.381,"{'symprec': 0.1, 'source': 'spglib', 'symbol': 'P6_3mc', 'number': 186, 'point_group': '6mm', 'crystal_system': 'hexagonal', 'hall': 'P 6c -2c'}",LiI
mp-567352,Ga8Sb32Br32,[415089],2.0175,"{'symprec': 0.1, 'source': 'spglib', 'symbol': 'Pna2_1', 'number': 33, 'point_group': 'mm2', 'crystal_system': 'orthorhombic', 'hall': 'P 2c -2n'}",Ga(SbBr)4
mp-571502,Ga8Bi32Br32,[415130],1.5866,"{'symprec': 0.1, 'source': 'spglib', 'symbol': 'Pna2_1', 'number': 33, 'point_group': 'mm2', 'crystal_system': 'orthorhombic', 'hall': 'P 2c -2n'}",Ga(BiBr)4
mp-1199218,Li12As28H156N52,[415189],1.8092,"{'symprec': 0.1, 'source': 'spglib', 'symbol': 'Pna2_1', 'number': 33, 'point_group': 'mm2', 'crystal_system': 'orthorhombic', 'hall': 'P 2c -2n'}",Li3As7(H3N)13
mp-683925,Cs8Sb24F128,[415750],3.8894,"{'symprec': 0.1, 'source': 'spglib', 'symbol': 'Pca2_1', 'number': 29, 'point_group': 'mm2', 'crystal_system': 'orthorhombic', 'hall': 'P 2c -2ac'}",CsSb3F16
mp-641661,Xe16F96,[416320],2.5833,"{'symprec': 0.1, 'source': 'spglib', 'symbol': 'Pna2_1', 'number': 33, 'point_group': 'mm2', 'crystal_system': 'orthorhombic', 'hall': 'P 2c -2n'}",XeF6
mp-570838,Cd2Hg8As4I8,[416973],0.4617,"{'symprec': 0.1, 'source': 'spglib', 'symbol': 'P2_1', 'number': 4, 'point_group': '2', 'crystal_system': 'monoclinic', 'hall': 'P 2yb'}",CdHg4(AsI2)2
mp-568031,Ga8Hg16Sb8Cl32,[417593],0.8055,"{'symprec': 0.1, 'source': 'spglib', 'symbol': 'Pna2_1', 'number': 33, 'point_group': 'mm2', 'crystal_system': 'orthorhombic', 'hall': 'P 2c -2n'}",GaHg2SbCl4
mp-570504,Yb22In2Sb18,[417819],0.6692999999999998,"{'symprec': 0.1, 'source': 'spglib', 'symbol': 'Iba2', 'number': 45, 'point_group': 'mm2', 'crystal_system': 'orthorhombic', 'hall': 'I 2 -2c'}",Yb11InSb9
mp-555932,Rb4Er12F40,[418211],7.282,"{'symprec': 0.1, 'source': 'spglib', 'symbol': 'P6_3mc', 'number': 186, 'point_group': '6mm', 'crystal_system': 'hexagonal', 'hall': 'P 6c -2c'}",RbEr3F10
mp-571379,In4Ga8Cl28,[418803],3.8337,"{'symprec': 0.1, 'source': 'spglib', 'symbol': 'Pna2_1', 'number': 33, 'point_group': 'mm2', 'crystal_system': 'orthorhombic', 'hall': 'P 2c -2n'}",InGa2Cl7
mp-568100,Re1N1Cl4,[419181],1.1041999999999998,"{'symprec': 0.1, 'source': 'spglib', 'symbol': 'I4', 'number': 79, 'point_group': '4', 'crystal_system': 'tetragonal', 'hall': 'I 4'}",ReNCl4
mp-1198625,H28N8F4,[419918],4.8684,"{'symprec': 0.1, 'source': 'spglib', 'symbol': 'Pca2_1', 'number': 29, 'point_group': 'mm2', 'crystal_system': 'orthorhombic', 'hall': 'P 2c -2ac'}",H7N2F
mp-569580,Na4La16I28N8,[419946],2.8344,"{'symprec': 0.1, 'source': 'spglib', 'symbol': 'Pna2_1', 'number': 33, 'point_group': 'mm2', 'crystal_system': 'orthorhombic', 'hall': 'P 2c -2n'}",NaLa4I7N2
mp-570548,Na4Pr16I28N8,[419948],2.7093,"{'symprec': 0.1, 'source': 'spglib', 'symbol': 'Pna2_1', 'number': 33, 'point_group': 'mm2', 'crystal_system': 'orthorhombic', 'hall': 'P 2c -2n'}",NaPr4I7N2
mp-568759,Na4Nd16I28N8,[419949],2.7212,"{'symprec': 0.1, 'source': 'spglib', 'symbol': 'Pna2_1', 'number': 33, 'point_group': 'mm2', 'crystal_system': 'orthorhombic', 'hall': 'P 2c -2n'}",NaNd4I7N2
mp-1200814,B4H48N16F12,[420965],5.218299999999998,"{'symprec': 0.1, 'source': 'spglib', 'symbol': 'Pna2_1', 'number': 33, 'point_group': 'mm2', 'crystal_system': 'orthorhombic', 'hall': 'P 2c -2n'}",BH12N4F3
mp-1102129,Na4Yb2Cd2Sb4,[422274],0.3256999999999999,"{'symprec': 0.1, 'source': 'spglib', 'symbol': 'Pmc2_1', 'number': 26, 'point_group': 'mm2', 'crystal_system': 'orthorhombic', 'hall': 'P 2c -2'}",Na2YbCdSb2
mp-1204824,Li4B4H32N8,[423631],5.533,"{'symprec': 0.1, 'source': 'spglib', 'symbol': 'Cc', 'number': 9, 'point_group': 'm', 'crystal_system': 'monoclinic', 'hall': 'C -2yc'}",LiB(H4N)2
mp-1201648,Li4B4H48N16,[423632],5.2734000000000005,"{'symprec': 0.1, 'source': 'spglib', 'symbol': 'Pca2_1', 'number': 29, 'point_group': 'mm2', 'crystal_system': 'orthorhombic', 'hall': 'P 2c -2ac'}",LiB(H3N)4
mp-1198478,Br8N24,[423741],2.011,"{'symprec': 0.1, 'source': 'spglib', 'symbol': 'I4_1cd', 'number': 110, 'point_group': '4mm', 'crystal_system': 'tetragonal', 'hall': 'I 4bw -2c'}",BrN3
mp-1095181,N6Cl2,[424502],2.3592,"{'symprec': 0.1, 'source': 'spglib', 'symbol': 'Cmc2_1', 'number': 36, 'point_group': 'mm2', 'crystal_system': 'orthorhombic', 'hall': 'C 2c -2'}",N3Cl
mp-1192457,Sb2Ir2Xe2F24,[424641],0.17090000000000005,"{'symprec': 0.1, 'source': 'spglib', 'symbol': 'Cc', 'number': 9, 'point_group': 'm', 'crystal_system': 'monoclinic', 'hall': 'C -2yc'}",SbIrXeF12
mp-1066781,Br2Cl2,[424850],1.8328,"{'symprec': 0.1, 'source': 'spglib', 'symbol': 'Cmc2_1', 'number': 36, 'point_group': 'mm2', 'crystal_system': 'orthorhombic', 'hall': 'C 2c -2'}",BrCl
mp-1198361,Al12Bi48Cl48,[426517],1.4598000000000002,"{'symprec': 0.1, 'source': 'spglib', 'symbol': 'P6_3', 'number': 173, 'point_group': '6', 'crystal_system': 'hexagonal', 'hall': 'P 6c'}",Al(BiCl)4
mp-1195481,Hg4As8Xe20F88,[428000],2.1803,"{'symprec': 0.1, 'source': 'spglib', 'symbol': 'Pna2_1', 'number': 33, 'point_group': 'mm2', 'crystal_system': 'orthorhombic', 'hall': 'P 2c -2n'}",HgAs2Xe5F22
mp-1190782,Li8Yb8Bi8,[602201],0.2643,"{'symprec': 0.1, 'source': 'spglib', 'symbol': 'P6_3mc', 'number': 186, 'point_group': '6mm', 'crystal_system': 'hexagonal', 'hall': 'P 6c -2c'}",LiYbBi
mp-1008559,B2P2,[615155],1.0759,"{'symprec': 0.1, 'source': 'spglib', 'symbol': 'P6_3mc', 'number': 186, 'point_group': '6mm', 'crystal_system': 'hexagonal', 'hall': 'P 6c -2c'}",BP
mp-1066400,Na1N3,[644523],4.2042,"{'symprec': 0.1, 'source': 'spglib', 'symbol': 'R3m', 'number': 160, 'point_group': '3m', 'crystal_system': 'trigonal', 'hall': 'R 3 -2""'}",NaN3
